Название,Цена
Диван Нумо Velvet Pink,41 790руб.
Банкетка Вайли Velvet Light,12 090руб.
Кресло Кенсол Velvet Ginger,25 290руб.
Диван Риен Velvet Stone,60 490руб.
Кресло Кото Cozy Beige,36 290руб.
Диван Нумо Мини Textile Yellow,27 490руб.
Диван угловой Онте Bucle Silver,120 990руб.
Кресло Витио Velvet Yellow,24 190руб.
Диван угловой Эби-1 Happy Light,80 290руб.
Кресло Пайпел-2 Bucle Forest,41 790руб.
Диван Види Textile Navy Blue,28 590руб.
Кресло Ансил Bucle Milk,34 090руб.
Диван угловой Аронт Мини Velvet Olive,64 890руб.
Пуф Кропс Bucle Lilac,9890руб.
Диван Маре Мини Velvet Beige,30 790руб.
Пуф Кофи Velvet Light,5050руб.
Кресло Тилар Textile Yellow,25 290руб.
Диван Лави Velvet Moss,48 390руб.
Диван Викс Textile Silver,24 190руб.
Кресло Лонди Cozy Ivory,47 290руб.
Диван Лилле Velvet Atlantic,54 990руб.
Пуф Дзен-1 Velvet Beige,10 990руб.
Диван Саннес Velvet Terra,54 990руб.
Пуф Лидо Happy Yellow,5490руб.
Диван Роттердам Velvet Silver,28 590руб.
Диван Сваут Velvet Beige,71 490руб.
Кресло Пайл Textile Grafit,28 590руб.
Диван угловой Стаус Velvet Olive,47 290руб.
Кресло Кальдера Barhat Mint,38 490руб.
Диван Терм Velvet Beige,76 990руб.
Кресло-кровать Кейсес Velvet Grey,25 290руб.
Кушетка Ринт Bucle Pink,23 090руб.
Диван Тайлин Velvet Yellow,43 990руб.
Кресло Элвит Cozy Ivory,32 990руб.
Диван Слипсон Velvet Silver,65 990руб.
Диван угловой Аллаум Linia Mint,58 290руб.
Кресло Винси Textile Ginger,21 990руб.
Диван Рон Textile Grafit,60 490руб.
Модульный диван Этен 1 Vertical Milk,127 550руб.
Диван Спейс Soft Navy Blue,71 490руб.
Пуф Акера-2 Velvet Yellow,13 190руб.
Диван Эби Мини Linia Mint,62 690руб.
Диван Льери Barhat Blue,87 990руб.
Диван угловой Маркфул Velvet Light,87 990руб.
Диван Сваут Velvet Moss,71 490руб.
Диван Льери Мини Velvet Light,71 490руб.
Диван Эби Velvet Blue,71 490руб.
Диван Спейс-2 Velvet Beige,98 990руб.
